{"date": "2017-02-15", "is_exact": false, "name": "A0", "note": "Atomic unit of length in SI, from CFOUR_OLD", "rel_unc": 3.7e-09, "unc": 1.9e-19, "unit": "m", "value": 5.291772083e-11}
{"date": "2017-02-15", "is_exact": false, "name": "E", "note": "Elementary charge in SI, from CFOUR_OLD", "rel_unc": 3.9e-08, "unc": 6.3e-27, "unit": "C", "value": 1.602176462e-19}
{"date": "2017-02-15", "is_exact": false, "name": "U", "note": "Unified atomic mass unit in SI, from CFOUR_OLD, defined as 1/12 the mass of the C-12 atom", "rel_unc": 7.9e-08, "unc": 1.3e-34, "unit": "kg", "value": 1.66053873e-27}
{"date": "2017-02-15", "is_exact": false, "name": "MUN", "note": "Nuclear Magneton in SI, from CFOUR_OLD", "rel_unc": 4e-08, "unc": 2e-34, "unit": "J T-1", "value": 5.05078317e-27}
{"date": "2017-02-15", "is_exact": false, "name": "ME", "note": "Electron Mass in SI, from CFOUR_OLD", "rel_unc": 7.9e-08, "unc": 7.2e-38, "unit": "kg", "value": 9.10938188e-31}
{"date": "2017-02-15", "is_exact": false, "name": "MP", "note": "Proton mass in SI, from CFOUR_OLD", "rel_unc": 7.9e-08, "unc": 1.3e-34, "unit": "kg", "value": 1.67262158e-27}
{"date": "2017-02-15", "is_exact": false, "name": "HBAR", "note": "Planck constant over 2 pi in SI, from CFOUR_OLD", "rel_unc": 7.8e-08, "unc": 8.2e-40, "unit": "J s", "value": 1.054571596e-34}
{"date": "2017-02-15", "is_exact": false, "name": "MP/ME", "note": "Proton-electron mass ratio, from CFOUR_OLD", "rel_unc": 2.1e-09, "unc": 3.9e-06, "unit": "", "value": 1836.1526675}
{"date": "2017-02-15", "is_exact": true, "name": "C", "note": "Speed of light in vacuum in SI, from CFOUR_OLD", "rel_unc": 0, "unc": 0, "unit": "m s-1", "value": 299792458}
{"date": "2017-02-15", "is_exact": false, "name": "NA", "note": "Avogadro's constant in SI, from CFOUR_OLD", "rel_unc": 7.9e-08, "unc": 4.7e+16, "unit": "mol-1", "value": 6.02214199e+23}
{"date": "2017-02-15", "is_exact": false, "name": "EA0", "note": "Atomic unit of electric dipole moment in SI, from CFOUR_OLD", "rel_unc": 3.9e-08, "unc": 3.3e-37, "unit": "C m", "value": 8.47835267e-30}
{"date": "2017-02-15", "is_exact": false, "name": "AU V", "note": "atomic unit of velocity in SI, from CFOUR_OLD", "rel_unc": 3.3e-09, "unc": 0.0073, "unit": "m s-1", "value": 2187691.2633}
{"date": "2017-02-15", "is_exact": false, "name": "AU T", "note": "atomic unit of time in SI, from CFOUR_OLD", "rel_unc": 6.6e-12, "unc": 1.6e-28, "unit": "s", "value": 2.418884326505e-17}
{"date": "2017-02-15", "is_exact": false, "name": "G", "note": "electron g value in SI, from CFOUR_OLD", "rel_unc": 3.8e-12, "unc": 7.5e-12, "unit": "", "value": -2.0023193043718}
{"date": "2017-02-15", "is_exact": false, "name": "KB", "note": "Boltzman Constant in SI, from CFOUR_OLD", "rel_unc": 1.7e-06, "unc": 2.4e-29, "unit": "J K-1", "value": 1.3806504e-23}
{"date": "2017-02-15", "is_exact": false, "name": "H U", "note": "Mass of hydrogen in unified atomic mass units from CFOUR_OLD.", "rel_unc": null, "unc": null, "unit": "u", "value": 1.007825035}
{"date": "2017-02-15", "is_exact": false, "name": "HE U", "note": "Mass of helium in unified atomic mass units from CFOUR_OLD.", "rel_unc": null, "unc": null, "unit": "u", "value": 4.00260324}
{"date": "2017-02-15", "is_exact": false, "name": "LI U", "note": "Mass of lithium in unified atomic mass units from CFOUR_OLD.", "rel_unc": null, "unc": null, "unit": "u", "value": 7.016003}
{"date": "2017-02-15", "is_exact": false, "name": "BE U", "note": "Mass of beryllium in unified atomic mass units from CFOUR_OLD.", "rel_unc": null, "unc": null, "unit": "u", "value": 9.0121822}
{"date": "2017-02-15", "is_exact": false, "name": "B U", "note": "Mass of boron in unified atomic mass units from CFOUR_OLD.", "rel_unc": null, "unc": null, "unit": "u", "value": 11.0093054}
{"date": "2017-02-15", "is_exact": false, "name": "C U", "note": "Mass of carbon in unified atomic mass units from CFOUR_OLD.", "rel_unc": null, "unc": null, "unit": "u", "value": 12.0}
{"date": "2017-02-15", "is_exact": false, "name": "N U", "note": "Mass of nitrogen in unified atomic mass units from CFOUR_OLD.", "rel_unc": null, "unc": null, "unit": "u", "value": 14.003074002}
{"date": "2017-02-15", "is_exact": false, "name": "O U", "note": "Mass of oxygen in unified atomic mass units from CFOUR_OLD.", "rel_unc": null, "unc": null, "unit": "u", "value": 15.99491463}
{"date": "2017-02-15", "is_exact": false, "name": "F U", "note": "Mass of fluorine in unified atomic mass units from CFOUR_OLD.", "rel_unc": null, "unc": null, "unit": "u", "value": 18.99840322}
{"date": "2017-02-15", "is_exact": false, "name": "NE U", "note": "Mass of neon in unified atomic mass units from CFOUR_OLD.", "rel_unc": null, "unc": null, "unit": "u", "value": 19.9924356}
{"date": "2017-02-15", "is_exact": false, "name": "NA U", "note": "Mass of sodium in unified atomic mass units from CFOUR_OLD.", "rel_unc": null, "unc": null, "unit": "u", "value": 22.9897677}
{"date": "2017-02-15", "is_exact": false, "name": "MG U", "note": "Mass of magnesium in unified atomic mass units from CFOUR_OLD.", "rel_unc": null, "unc": null, "unit": "u", "value": 23.9850423}
{"date": "2017-02-15", "is_exact": false, "name": "AL U", "note": "Mass of Aluminium in unified atomic mass units from CFOUR_OLD.", "rel_unc": null, "unc": null, "unit": "u", "value": 26.9815386}
{"date": "2017-02-15", "is_exact": false, "name": "SI U", "note": "Mass of silicon in unified atomic mass units from CFOUR_OLD.", "rel_unc": null, "unc": null, "unit": "u", "value": 27.9769271}
{"date": "2017-02-15", "is_exact": false, "name": "P U", "note": "Mass of phosphorus in unified atomic mass units from CFOUR_OLD.", "rel_unc": null, "unc": null, "unit": "u", "value": 30.973762}
{"date": "2017-02-15", "is_exact": false, "name": "S U", "note": "Mass of sulfur in unified atomic mass units from CFOUR_OLD.", "rel_unc": null, "unc": null, "unit": "u", "value": 31.9720707}
{"date": "2017-02-15", "is_exact": false, "name": "CL U", "note": "Mass of chlorine in unified atomic mass units from CFOUR_OLD.", "rel_unc": null, "unc": null, "unit": "u", "value": 34.968852721}
{"date": "2017-02-15", "is_exact": false, "name": "AR U", "note": "Mass of argon in unified atomic mass units from CFOUR_OLD.", "rel_unc": null, "unc": null, "unit": "u", "value": 39.9623837}
{"date": "2017-02-15", "is_exact": false, "name": "K U", "note": "Mass of potassium in unified atomic mass units from CFOUR_OLD.", "rel_unc": null, "unc": null, "unit": "u", "value": 38.9637074}
{"date": "2017-02-15", "is_exact": false, "name": "CA U", "note": "Mass of calcium in unified atomic mass units from CFOUR_OLD.", "rel_unc": null, "unc": null, "unit": "u", "value": 39.9625906}
{"date": "2017-02-15", "is_exact": false, "name": "SC U", "note": "Mass of scandium in unified atomic mass units from CFOUR_OLD.", "rel_unc": null, "unc": null, "unit": "u", "value": 44.95591}
{"date": "2017-02-15", "is_exact": false, "name": "TI U", "note": "Mass of titanium in unified atomic mass units from CFOUR_OLD.", "rel_unc": null, "unc": null, "unit": "u", "value": 47.9479473}
{"date": "2017-02-15", "is_exact": false, "name": "V U", "note": "Mass of vanadium in unified atomic mass units from CFOUR_OLD.", "rel_unc": null, "unc": null, "unit": "u", "value": 50.9439617}
{"date": "2017-02-15", "is_exact": false, "name": "CR U", "note": "Mass of chromium in unified atomic mass units from CFOUR_OLD.", "rel_unc": null, "unc": null, "unit": "u", "value": 51.9405098}
{"date": "2017-02-15", "is_exact": false, "name": "MN U", "note": "Mass of manganese in unified atomic mass units from CFOUR_OLD.", "rel_unc": null, "unc": null, "unit": "u", "value": 54.9380471}
{"date": "2017-02-15", "is_exact": false, "name": "FE U", "note": "Mass of iron in unified atomic mass units from CFOUR_OLD.", "rel_unc": null, "unc": null, "unit": "u", "value": 55.9349393}
{"date": "2017-02-15", "is_exact": false, "name": "CO U", "note": "Mass of cobalt in unified atomic mass units from CFOUR_OLD.", "rel_unc": null, "unc": null, "unit": "u", "value": 58.9331976}
{"date": "2017-02-15", "is_exact": false, "name": "NI U", "note": "Mass of nickel in unified atomic mass units from CFOUR_OLD.", "rel_unc": null, "unc": null, "unit": "u", "value": 57.9353462}
{"date": "2017-02-15", "is_exact": false, "name": "CU U", "note": "Mass of copper in unified atomic mass units from CFOUR_OLD.", "rel_unc": null, "unc": null, "unit": "u", "value": 62.9295989}
{"date": "2017-02-15", "is_exact": false, "name": "ZN U", "note": "Mass of zinc in unified atomic mass units from CFOUR_OLD.", "rel_unc": null, "unc": null, "unit": "u", "value": 63.9291448}
{"date": "2017-02-15", "is_exact": false, "name": "GA U", "note": "Mass of gallium in unified atomic mass units from CFOUR_OLD.", "rel_unc": null, "unc": null, "unit": "u", "value": 68.92558}
{"date": "2017-02-15", "is_exact": false, "name": "GE U", "note": "Mass of germanium in unified atomic mass units from CFOUR_OLD.", "rel_unc": null, "unc": null, "unit": "u", "value": 73.9211774}
{"date": "2017-02-15", "is_exact": false, "name": "AS U", "note": "Mass of arsenic in unified atomic mass units from CFOUR_OLD.", "rel_unc": null, "unc": null, "unit": "u", "value": 74.9215942}
{"date": "2017-02-15", "is_exact": false, "name": "SE U", "note": "Mass of selenium in unified atomic mass units from CFOUR_OLD.", "rel_unc": null, "unc": null, "unit": "u", "value": 79.9165196}
{"date": "2017-02-15", "is_exact": false, "name": "BR U", "note": "Mass of bromine in unified atomic mass units from CFOUR_OLD.", "rel_unc": null, "unc": null, "unit": "u", "value": 78.9183361}
{"date": "2017-02-15", "is_exact": false, "name": "KR U", "note": "Mass of krypton in unified atomic mass units from CFOUR_OLD.", "rel_unc": null, "unc": null, "unit": "u", "value": 83.911507}
{"date": "2017-02-15", "is_exact": false, "name": "RB U", "note": "Mass of rubidium in unified atomic mass units from CFOUR_OLD.", "rel_unc": null, "unc": null, "unit": "u", "value": 84.911794}
{"date": "2017-02-15", "is_exact": false, "name": "SR U", "note": "Mass of strontium in unified atomic mass units from CFOUR_OLD.", "rel_unc": null, "unc": null, "unit": "u", "value": 87.9056188}
{"date": "2017-02-15", "is_exact": false, "name": "Y U", "note": "Mass of yttrium in unified atomic mass units from CFOUR_OLD.", "rel_unc": null, "unc": null, "unit": "u", "value": 88.905849}
{"date": "2017-02-15", "is_exact": false, "name": "ZR U", "note": "Mass of zirconium in unified atomic mass units from CFOUR_OLD.", "rel_unc": null, "unc": null, "unit": "u", "value": 89.9047026}
{"date": "2017-02-15", "is_exact": false, "name": "NB U", "note": "Mass of niobium in unified atomic mass units from CFOUR_OLD.", "rel_unc": null, "unc": null, "unit": "u", "value": 92.9063772}
{"date": "2017-02-15", "is_exact": false, "name": "MO U", "note": "Mass of molybdenum in unified atomic mass units from CFOUR_OLD.", "rel_unc": null, "unc": null, "unit": "u", "value": 97.9054073}
{"date": "2017-02-15", "is_exact": false, "name": "TC U", "note": "Mass of technetium in unified atomic mass units from CFOUR_OLD.", "rel_unc": null, "unc": null, "unit": "u", "value": 97.907215}
{"date": "2017-02-15", "is_exact": false, "name": "RU U", "note": "Mass of ruthenium in unified atomic mass units from CFOUR_OLD.", "rel_unc": null, "unc": null, "unit": "u", "value": 101.9043485}
{"date": "2017-02-15", "is_exact": false, "name": "RH U", "note": "Mass of rhodium in unified atomic mass units from CFOUR_OLD.", "rel_unc": null, "unc": null, "unit": "u", "value": 102.9055}
{"date": "2017-02-15", "is_exact": false, "name": "PD U", "note": "Mass of palladium in unified atomic mass units from CFOUR_OLD.", "rel_unc": null, "unc": null, "unit": "u", "value": 105.903478}
{"date": "2017-02-15", "is_exact": false, "name": "AG U", "note": "Mass of silver in unified atomic mass units from CFOUR_OLD.", "rel_unc": null, "unc": null, "unit": "u", "value": 106.905092}
{"date": "2017-02-15", "is_exact": false, "name": "CD U", "note": "Mass of cadmium in unified atomic mass units from CFOUR_OLD.", "rel_unc": null, "unc": null, "unit": "u", "value": 113.903357}
{"date": "2017-02-15", "is_exact": false, "name": "IN U", "note": "Mass of indium in unified atomic mass units from CFOUR_OLD.", "rel_unc": null, "unc": null, "unit": "u", "value": 114.903882}
{"date": "2017-02-15", "is_exact": false, "name": "SN U", "note": "Mass of tin in unified atomic mass units from CFOUR_OLD.", "rel_unc": null, "unc": null, "unit": "u", "value": 119.9021991}
{"date": "2017-02-15", "is_exact": false, "name": "SB U", "note": "Mass of antimony in unified atomic mass units from CFOUR_OLD.", "rel_unc": null, "unc": null, "unit": "u", "value": 120.9038212}
{"date": "2017-02-15", "is_exact": false, "name": "TE U", "note": "Mass of tellurium in unified atomic mass units from CFOUR_OLD.", "rel_unc": null, "unc": null, "unit": "u", "value": 129.906229}
{"date": "2017-02-15", "is_exact": false, "name": "I U", "note": "Mass of iodine in unified atomic mass units from CFOUR_OLD.", "rel_unc": null, "unc": null, "unit": "u", "value": 126.904473}
{"date": "2017-02-15", "is_exact": false, "name": "XE U", "note": "Mass of xenon in unified atomic mass units from CFOUR_OLD.", "rel_unc": null, "unc": null, "unit": "u", "value": 131.904144}
{"date": "2017-02-15", "is_exact": false, "name": "CS U", "note": "Mass of cesium in unified atomic mass units from CFOUR_OLD.", "rel_unc": null, "unc": null, "unit": "u", "value": 132.905429}
{"date": "2017-02-15", "is_exact": false, "name": "BA U", "note": "Mass of barium in unified atomic mass units from CFOUR_OLD.", "rel_unc": null, "unc": null, "unit": "u", "value": 137.905232}
{"date": "2017-02-15", "is_exact": false, "name": "LA U", "note": "Mass of lanthanum in unified atomic mass units from CFOUR_OLD.", "rel_unc": null, "unc": null, "unit": "u", "value": 138.906347}
{"date": "2017-02-15", "is_exact": false, "name": "CE U", "note": "Mass of cerium in unified atomic mass units from CFOUR_OLD.", "rel_unc": null, "unc": null, "unit": "u", "value": 139.905433}
{"date": "2017-02-15", "is_exact": false, "name": "PR U", "note": "Mass of praseodymium in unified atomic mass units from CFOUR_OLD.", "rel_unc": null, "unc": null, "unit": "u", "value": 140.907647}
{"date": "2017-02-15", "is_exact": false, "name": "ND U", "note": "Mass of neodymium in unified atomic mass units from CFOUR_OLD.", "rel_unc": null, "unc": null, "unit": "u", "value": 141.907719}
{"date": "2017-02-15", "is_exact": false, "name": "PM U", "note": "Mass of promethium in unified atomic mass units from CFOUR_OLD.", "rel_unc": null, "unc": null, "unit": "u", "value": 144.912743}
{"date": "2017-02-15", "is_exact": false, "name": "SM U", "note": "Mass of samarium in unified atomic mass units from CFOUR_OLD.", "rel_unc": null, "unc": null, "unit": "u", "value": 151.919728}
{"date": "2017-02-15", "is_exact": false, "name": "EU U", "note": "Mass of europium in unified atomic mass units from CFOUR_OLD.", "rel_unc": null, "unc": null, "unit": "u", "value": 152.921225}
{"date": "2017-02-15", "is_exact": false, "name": "GD U", "note": "Mass of gadolinium in unified atomic mass units from CFOUR_OLD.", "rel_unc": null, "unc": null, "unit": "u", "value": 157.924019}
{"date": "2017-02-15", "is_exact": false, "name": "TB U", "note": "Mass of terbium in unified atomic mass units from CFOUR_OLD.", "rel_unc": null, "unc": null, "unit": "u", "value": 158.925342}
{"date": "2017-02-15", "is_exact": false, "name": "DY U", "note": "Mass of dysprosium in unified atomic mass units from CFOUR_OLD.", "rel_unc": null, "unc": null, "unit": "u", "value": 163.929171}
{"date": "2017-02-15", "is_exact": false, "name": "HO U", "note": "Mass of holmium in unified atomic mass units from CFOUR_OLD.", "rel_unc": null, "unc": null, "unit": "u", "value": 164.930319}
{"date": "2017-02-15", "is_exact": false, "name": "ER U", "note": "Mass of erbium in unified atomic mass units from CFOUR_OLD.", "rel_unc": null, "unc": null, "unit": "u", "value": 165.93029}
{"date": "2017-02-15", "is_exact": false, "name": "TM U", "note": "Mass of thulium in unified atomic mass units from CFOUR_OLD.", "rel_unc": null, "unc": null, "unit": "u", "value": 168.934212}
{"date": "2017-02-15", "is_exact": false, "name": "YB U", "note": "Mass of ytterbium in unified atomic mass units from CFOUR_OLD.", "rel_unc": null, "unc": null, "unit": "u", "value": 173.938859}
{"date": "2017-02-15", "is_exact": false, "name": "LU U", "note": "Mass of lutetium in unified atomic mass units from CFOUR_OLD.", "rel_unc": null, "unc": null, "unit": "u", "value": 174.94077}
{"date": "2017-02-15", "is_exact": false, "name": "HF U", "note": "Mass of hafnium in unified atomic mass units from CFOUR_OLD.", "rel_unc": null, "unc": null, "unit": "u", "value": 179.9465457}
{"date": "2017-02-15", "is_exact": false, "name": "TA U", "note": "Mass of tantalum in unified atomic mass units from CFOUR_OLD.", "rel_unc": null, "unc": null, "unit": "u", "value": 180.947462}
{"date": "2017-02-15", "is_exact": false, "name": "W U", "note": "Mass of tungsten in unified atomic mass units from CFOUR_OLD.", "rel_unc": null, "unc": null, "unit": "u", "value": 183.950928}
{"date": "2017-02-15", "is_exact": false, "name": "RE U", "note": "Mass of rhenium in unified atomic mass units from CFOUR_OLD.", "rel_unc": null, "unc": null, "unit": "u", "value": 186.955744}
{"date": "2017-02-15", "is_exact": false, "name": "OS U", "note": "Mass of osmium in unified atomic mass units from CFOUR_OLD.", "rel_unc": null, "unc": null, "unit": "u", "value": 191.961467}
{"date": "2017-02-15", "is_exact": false, "name": "IR U", "note": "Mass of iridium in unified atomic mass units from CFOUR_OLD.", "rel_unc": null, "unc": null, "unit": "u", "value": 192.962917}
{"date": "2017-02-15", "is_exact": false, "name": "PT U", "note": "Mass of platinum in unified atomic mass units from CFOUR_OLD.", "rel_unc": null, "unc": null, "unit": "u", "value": 194.964766}
{"date": "2017-02-15", "is_exact": false, "name": "AU U", "note": "Mass of gold in unified atomic mass units from CFOUR_OLD.", "rel_unc": null, "unc": null, "unit": "u", "value": 196.966543}
{"date": "2017-02-15", "is_exact": false, "name": "HG U", "note": "Mass of mercury in unified atomic mass units from CFOUR_OLD.", "rel_unc": null, "unc": null, "unit": "u", "value": 201.970617}
{"date": "2017-02-15", "is_exact": false, "name": "TL U", "note": "Mass of thallium in unified atomic mass units from CFOUR_OLD.", "rel_unc": null, "unc": null, "unit": "u", "value": 204.974401}
{"date": "2017-02-15", "is_exact": false, "name": "PB U", "note": "Mass of lead in unified atomic mass units from CFOUR_OLD.", "rel_unc": null, "unc": null, "unit": "u", "value": 207.976627}
{"date": "2017-02-15", "is_exact": false, "name": "BI U", "note": "Mass of bismuth in unified atomic mass units from CFOUR_OLD.", "rel_unc": null, "unc": null, "unit": "u", "value": 208.980374}
{"date": "2017-02-15", "is_exact": false, "name": "PO U", "note": "Mass of polonium in unified atomic mass units from CFOUR_OLD.", "rel_unc": null, "unc": null, "unit": "u", "value": 208.982404}
{"date": "2017-02-15", "is_exact": false, "name": "AT U", "note": "Mass of astatine in unified atomic mass units from CFOUR_OLD.", "rel_unc": null, "unc": null, "unit": "u", "value": 209.987126}
{"date": "2017-02-15", "is_exact": false, "name": "RN U", "note": "Mass of radon in unified atomic mass units from CFOUR_OLD.", "rel_unc": null, "unc": null, "unit": "u", "value": 222.017571}
{"date": "2017-02-15", "is_exact": false, "name": "FR U", "note": "Mass of Francium in unified atomic mass units from CFOUR_OLD.", "rel_unc": null, "unc": null, "unit": "u", "value": 223.019736}
{"date": "2017-02-15", "is_exact": false, "name": "RA U", "note": "Mass of Radium in unified atomic mass units from CFOUR_OLD.", "rel_unc": null, "unc": null, "unit": "u", "value": 226.02541}
{"date": "2017-02-15", "is_exact": false, "name": "AC U", "note": "Mass of Actinium in unified atomic mass units from CFOUR_OLD.", "rel_unc": null, "unc": null, "unit": "u", "value": 227.027752}
{"date": "2017-02-15", "is_exact": false, "name": "TH U", "note": "Mass of Thorium in unified atomic mass units from CFOUR_OLD.", "rel_unc": null, "unc": null, "unit": "u", "value": 232.038055}
{"date": "2017-02-15", "is_exact": false, "name": "PA U", "note": "Mass of Protactinium in unified atomic mass units from CFOUR_OLD.", "rel_unc": null, "unc": null, "unit": "u", "value": 231.035884}
{"date": "2017-02-15", "is_exact": false, "name": "U U", "note": "Mass of Uranium in unified atomic mass units from CFOUR_OLD.", "rel_unc": null, "unc": null, "unit": "u", "value": 238.050788}
{"date": "2017-02-15", "is_exact": false, "name": "NP U", "note": "Mass of Neptunium in unified atomic mass units from CFOUR_OLD.", "rel_unc": null, "unc": null, "unit": "u", "value": 237.048173}
{"date": "2017-02-15", "is_exact": false, "name": "PU U", "note": "Mass of Plutonium in unified atomic mass units from CFOUR_OLD.", "rel_unc": null, "unc": null, "unit": "u", "value": 244.064204}
{"date": "2017-02-15", "is_exact": false, "name": "AM U", "note": "Mass of Americium in unified atomic mass units from CFOUR_OLD.", "rel_unc": null, "unc": null, "unit": "u", "value": 243.061381}
{"date": "2017-02-15", "is_exact": false, "name": "CM U", "note": "Mass of Curium in unified atomic mass units from CFOUR_OLD.", "rel_unc": null, "unc": null, "unit": "u", "value": 247.070354}
{"date": "2017-02-15", "is_exact": false, "name": "BK U", "note": "Mass of Berkelium in unified atomic mass units from CFOUR_OLD.", "rel_unc": null, "unc": null, "unit": "u", "value": 247.074987}
{"date": "2017-02-15", "is_exact": false, "name": "CF U", "note": "Mass of Californium in unified atomic mass units from CFOUR_OLD.", "rel_unc": null, "unc": null, "unit": "u", "value": 251.079587}
{"date": "2017-02-15", "is_exact": false, "name": "ES U", "note": "Mass of Einsteinium in unified atomic mass units from CFOUR_OLD.", "rel_unc": null, "unc": null, "unit": "u", "value": 252.08298}
{"date": "2017-02-15", "is_exact": false, "name": "FM U", "note": "Mass of Fermium in unified atomic mass units from CFOUR_OLD.", "rel_unc": null, "unc": null, "unit": "u", "value": 257.095105}
{"date": "2017-02-15", "is_exact": false, "name": "MD U", "note": "Mass of Mendelevium in unified atomic mass units from CFOUR_OLD.", "rel_unc": null, "unc": null, "unit": "u", "value": 258.098431}
{"date": "2017-02-15", "is_exact": false, "name": "NO U", "note": "Mass of Nobelium in unified atomic mass units from CFOUR_OLD.", "rel_unc": null, "unc": null, "unit": "u", "value": 259.10103}
{"date": "2017-02-15", "is_exact": false, "name": "LR U", "note": "Mass of Lawrencium in unified atomic mass units from CFOUR_OLD.", "rel_unc": null, "unc": null, "unit": "u", "value": 262.10963}
{"date": "2017-02-15", "is_exact": false, "name": "RF U", "note": "Mass of Rutherfordium in unified atomic mass units from CFOUR_OLD.", "rel_unc": null, "unc": null, "unit": "u", "value": 265.1167}
{"date": "2017-02-15", "is_exact": false, "name": "DB U", "note": "Mass of Dubnium in unified atomic mass units from CFOUR_OLD.", "rel_unc": null, "unc": null, "unit": "u", "value": 268.12545}
{"date": "2017-02-15", "is_exact": false, "name": "SG U", "note": "Mass of Seaborgium in unified atomic mass units from CFOUR_OLD.", "rel_unc": null, "unc": null, "unit": "u", "value": 271.13347}
{"date": "2017-02-15", "is_exact": false, "name": "BH U", "note": "Mass of Bohrium in unified atomic mass units from CFOUR_OLD.", "rel_unc": null, "unc": null, "unit": "u", "value": 272.13803}
{"date": "2017-02-15", "is_exact": false, "name": "HS U", "note": "Mass of Hassium in unified atomic mass units from CFOUR_OLD.", "rel_unc": null, "unc": null, "unit": "u", "value": 270.13465}
{"date": "2017-02-15", "is_exact": false, "name": "MT U", "note": "Mass of Meitnerium in unified atomic mass units from CFOUR_OLD.", "rel_unc": null, "unc": null, "unit": "u", "value": 276.15116}
{"date": "2017-02-15", "is_exact": false, "name": "DS U", "note": "Mass of Darmstadtium in unified atomic mass units from CFOUR_OLD.", "rel_unc": null, "unc": null, "unit": "u", "value": 281.16206}
{"date": "2017-02-15", "is_exact": false, "name": "RG U", "note": "Mass of Roentgenium in unified atomic mass units from CFOUR_OLD.", "rel_unc": null, "unc": null, "unit": "u", "value": 280.16447}
{"date": "2017-02-15", "is_exact": false, "name": "EH TO EV", "note": "Conversion from Eh to eV in SI, from CFOUR_OLD, equation 1 Eh = x * eV, x = { 2 Rhc / e}", "rel_unc": 4e-07, "unc": 1.1e-05, "unit": "", "value": 27.2113834}
{"date": "2017-02-15", "is_exact": false, "name": "EH TO J", "note": "Conversion from Eh to J in SI, from CFOUR_OLD, equation 1 Eh = x * J, x = {2 Rhc}", "rel_unc": 7.8e-08, "unc": 3.4e-25, "unit": "", "value": 4.35974381e-18}
{"date": "2017-02-15", "is_exact": false, "name": "EH TO CM-1", "note": "Conversion from Eh to cm-1 (wavenumbers) in SI, from CFOUR_OLD, equation (1 Eh)/hc = x * cm-1, x = {2R}", "rel_unc": 7.7e-12, "unc": 1.7e-06, "unit": "", "value": 219474.631371}
{"date": "2017-02-15", "is_exact": false, "name": "CM-1 TO KCAL/MOL", "note": "Conversion from cm-1 (wavefunumbers) to kcal/mol in SI, from CFOUR_OLD, equation 1 cm-1 = x * kcal mol-1", "rel_unc": null, "unc": null, "unit": "", "value": 0.00285914}
{"date": "2017-02-15", "is_exact": false, "name": "CM-1 TO KJ/MOL", "note": "Conversion from cm-1 (wavenumbers) to kJ/mol  in SI, from CFOUR_OLD, equation 1 cm-1 = x * kJ mol-1", "rel_unc": null, "unc": null, "unit": "", "value": 0.01196266}
{"date": "2017-02-15", "is_exact": false, "name": "D TO C M", "note": "Conversion from D (Debye) to C m in SI, from CFOUR_OLD, equation 1 D = x * C m", "rel_unc": null, "unc": null, "unit": "", "value": 3.33564e-30}
