{"date": "2017-02-15", "is_exact": false, "name": "a0 (m)", "note": "Atomic unit of length in SI, from CFOUR_OLD", "rel_unc": 3.7e-09, "unc": 1.9e-19, "unit": "m", "value": 5.291772083e-11}
{"date": "2017-02-15", "is_exact": false, "name": "e (C)", "note": "Elementary charge in SI, from CFOUR_OLD", "rel_unc": 3.9e-08, "unc": 6.3e-27, "unit": "C", "value": 1.602176462e-19}
{"date": "2017-02-15", "is_exact": false, "name": "u (kg)", "note": "Unified atomic mass unit in SI, from CFOUR_OLD, defined as 1/12 the mass of the C-12 atom", "rel_unc": 7.9e-08, "unc": 1.3e-34, "unit": "kg", "value": 1.66053873e-27}
{"date": "2017-02-15", "is_exact": false, "name": "muN (J T-1)", "note": "Nuclear Magneton in SI, from CFOUR_OLD", "rel_unc": 4e-08, "unc": 2e-34, "unit": "J T-1", "value": 5.05078317e-27}
{"date": "2017-02-15", "is_exact": false, "name": "me (kg)", "note": "Electron Mass in SI, from CFOUR_OLD", "rel_unc": 7.9e-08, "unc": 7.2e-38, "unit": "kg", "value": 9.10938188e-31}
{"date": "2017-02-15", "is_exact": false, "name": "mp (kg)", "note": "Proton mass in SI, from CFOUR_OLD", "rel_unc": 7.9e-08, "unc": 1.3e-34, "unit": "kg", "value": 1.67262158e-27}
{"date": "2017-02-15", "is_exact": false, "name": "Hbar (J s)", "note": "Planck constant over 2 pi in SI, from CFOUR_OLD", "rel_unc": 7.8e-08, "unc": 8.2e-42, "unit": "J s", "value": 1.054571596e-34}
{"date": "2017-02-15", "is_exact": false, "name": "mp/me", "note": "Proton-electron mass ratio, from CFOUR_OLD", "rel_unc": 2.1e-09, "unc": 3.9e-06, "unit": "", "value": 1836.1526675}
{"date": "2017-02-15", "is_exact": true, "name": "c (m s-1)", "note": "Speed of light in vacuum in SI, from CFOUR_OLD", "rel_unc": 0, "unc": 0, "unit": "m s-1", "value": 299792458}
{"date": "2017-02-15", "is_exact": false, "name": "NA (mol-1)", "note": "Avogadro's constant in SI, from CFOUR_OLD", "rel_unc": 7.9e-08, "unc": 4.7e+16, "unit": "mol-1", "value": 6.02214199e+23}
{"date": "2017-02-15", "is_exact": false, "name": "ea0 (C m)", "note": "Atomic unit of electric dipole moment in SI, from CFOUR_OLD", "rel_unc": 3.9e-08, "unc": 3.3e-37, "unit": "C m", "value": 8.47835267e-30}
{"date": "2017-02-15", "is_exact": false, "name": "au v (m s-1)", "note": "Atomic unit of velocity in SI, from CFOUR_OLD", "rel_unc": 3.3e-09, "unc": 0.0073, "unit": "m s-1", "value": 2187691.2633}
{"date": "2017-02-15", "is_exact": false, "name": "au t (s)", "note": "Atomic unit of time in SI, from CFOUR_OLD", "rel_unc": 6.6e-12, "unc": 1.6e-28, "unit": "s", "value": 2.418884326505e-17}
{"date": "2017-02-15", "is_exact": false, "name": "ge-", "note": "Electron g value in SI, from CFOUR_OLD", "rel_unc": 3.8e-12, "unc": 7.5e-12, "unit": "", "value": -2.0023193043718}
{"date": "2017-02-15", "is_exact": false, "name": "kB (J K-1)", "note": "Boltzman Constant in SI, from CFOUR_OLD", "rel_unc": 1.7e-06, "unc": 2.4e-29, "unit": "J K-1", "value": 1.3806504e-23}
{"date": "2017-02-15", "is_exact": false, "name": "H u", "note": "Mass of hydrogen in unified atomic mass units from CFOUR_OLD.", "rel_unc": null, "unc": null, "unit": "u", "value": 1.007825035}
{"date": "2017-02-15", "is_exact": false, "name": "He u", "note": "Mass of helium in unified atomic mass units from CFOUR_OLD.", "rel_unc": null, "unc": null, "unit": "u", "value": 4.00260324}
{"date": "2017-02-15", "is_exact": false, "name": "Li u", "note": "Mass of lithium in unified atomic mass units from CFOUR_OLD.", "rel_unc": null, "unc": null, "unit": "u", "value": 7.016003}
{"date": "2017-02-15", "is_exact": false, "name": "Be u", "note": "Mass of beryllium in unified atomic mass units from CFOUR_OLD.", "rel_unc": null, "unc": null, "unit": "u", "value": 9.0121822}
{"date": "2017-02-15", "is_exact": false, "name": "B u", "note": "Mass of boron in unified atomic mass units from CFOUR_OLD.", "rel_unc": null, "unc": null, "unit": "u", "value": 11.0093054}
{"date": "2017-02-15", "is_exact": false, "name": "C u", "note": "Mass of carbon in unified atomic mass units from CFOUR_OLD.", "rel_unc": null, "unc": null, "unit": "u", "value": 12.0}
{"date": "2017-02-15", "is_exact": false, "name": "N u", "note": "Mass of nitrogen in unified atomic mass units from CFOUR_OLD.", "rel_unc": null, "unc": null, "unit": "u", "value": 14.003074002}
{"date": "2017-02-15", "is_exact": false, "name": "O u", "note": "Mass of oxygen in unified atomic mass units from CFOUR_OLD.", "rel_unc": null, "unc": null, "unit": "u", "value": 15.99491463}
{"date": "2017-02-15", "is_exact": false, "name": "F u", "note": "Mass of fluorine in unified atomic mass units from CFOUR_OLD.", "rel_unc": null, "unc": null, "unit": "u", "value": 18.99840322}
{"date": "2017-02-15", "is_exact": false, "name": "Ne u", "note": "Mass of neon in unified atomic mass units from CFOUR_OLD.", "rel_unc": null, "unc": null, "unit": "u", "value": 19.9924356}
{"date": "2017-02-15", "is_exact": false, "name": "Na u", "note": "Mass of sodium in unified atomic mass units from CFOUR_OLD.", "rel_unc": null, "unc": null, "unit": "u", "value": 22.9897677}
{"date": "2017-02-15", "is_exact": false, "name": "Mg u", "note": "Mass of magnesium in unified atomic mass units from CFOUR_OLD.", "rel_unc": null, "unc": null, "unit": "u", "value": 23.9850423}
{"date": "2017-02-15", "is_exact": false, "name": "Al u", "note": "Mass of Aluminium in unified atomic mass units from CFOUR_OLD.", "rel_unc": null, "unc": null, "unit": "u", "value": 26.9815386}
{"date": "2017-02-15", "is_exact": false, "name": "Si u", "note": "Mass of silicon in unified atomic mass units from CFOUR_OLD.", "rel_unc": null, "unc": null, "unit": "u", "value": 27.9769271}
{"date": "2017-02-15", "is_exact": false, "name": "P u", "note": "Mass of phosphorus in unified atomic mass units from CFOUR_OLD.", "rel_unc": null, "unc": null, "unit": "u", "value": 30.973762}
{"date": "2017-02-15", "is_exact": false, "name": "S u", "note": "Mass of sulfur in unified atomic mass units from CFOUR_OLD.", "rel_unc": null, "unc": null, "unit": "u", "value": 31.9720707}
{"date": "2017-02-15", "is_exact": false, "name": "Cl u", "note": "Mass of chlorine in unified atomic mass units from CFOUR_OLD.", "rel_unc": null, "unc": null, "unit": "u", "value": 34.968852721}
{"date": "2017-02-15", "is_exact": false, "name": "Ar u", "note": "Mass of argon in unified atomic mass units from CFOUR_OLD.", "rel_unc": null, "unc": null, "unit": "u", "value": 39.9623837}
{"date": "2017-02-15", "is_exact": false, "name": "K u", "note": "Mass of potassium in unified atomic mass units from CFOUR_OLD.", "rel_unc": null, "unc": null, "unit": "u", "value": 38.9637074}
{"date": "2017-02-15", "is_exact": false, "name": "Ca u", "note": "Mass of calcium in unified atomic mass units from CFOUR_OLD.", "rel_unc": null, "unc": null, "unit": "u", "value": 39.9625906}
{"date": "2017-02-15", "is_exact": false, "name": "Sc u", "note": "Mass of scandium in unified atomic mass units from CFOUR_OLD.", "rel_unc": null, "unc": null, "unit": "u", "value": 44.95591}
{"date": "2017-02-15", "is_exact": false, "name": "Ti u", "note": "Mass of titanium in unified atomic mass units from CFOUR_OLD.", "rel_unc": null, "unc": null, "unit": "u", "value": 47.9479473}
{"date": "2017-02-15", "is_exact": false, "name": "V u", "note": "Mass of vanadium in unified atomic mass units from CFOUR_OLD.", "rel_unc": null, "unc": null, "unit": "u", "value": 50.9439617}
{"date": "2017-02-15", "is_exact": false, "name": "Cr u", "note": "Mass of chromium in unified atomic mass units from CFOUR_OLD.", "rel_unc": null, "unc": null, "unit": "u", "value": 51.9405098}
{"date": "2017-02-15", "is_exact": false, "name": "Mn u", "note": "Mass of manganese in unified atomic mass units from CFOUR_OLD.", "rel_unc": null, "unc": null, "unit": "u", "value": 54.9380471}
{"date": "2017-02-15", "is_exact": false, "name": "Fe u", "note": "Mass of iron in unified atomic mass units from CFOUR_OLD.", "rel_unc": null, "unc": null, "unit": "u", "value": 55.9349393}
{"date": "2017-02-15", "is_exact": false, "name": "Co u", "note": "Mass of cobalt in unified atomic mass units from CFOUR_OLD.", "rel_unc": null, "unc": null, "unit": "u", "value": 58.9331976}
{"date": "2017-02-15", "is_exact": false, "name": "Ni u", "note": "Mass of nickel in unified atomic mass units from CFOUR_OLD.", "rel_unc": null, "unc": null, "unit": "u", "value": 57.9353462}
{"date": "2017-02-15", "is_exact": false, "name": "Cu u", "note": "Mass of copper in unified atomic mass units from CFOUR_OLD.", "rel_unc": null, "unc": null, "unit": "u", "value": 62.9295989}
{"date": "2017-02-15", "is_exact": false, "name": "Zn u", "note": "Mass of zinc in unified atomic mass units from CFOUR_OLD.", "rel_unc": null, "unc": null, "unit": "u", "value": 63.9291448}
{"date": "2017-02-15", "is_exact": false, "name": "Ga u", "note": "Mass of gallium in unified atomic mass units from CFOUR_OLD.", "rel_unc": null, "unc": null, "unit": "u", "value": 68.92558}
{"date": "2017-02-15", "is_exact": false, "name": "Ge u", "note": "Mass of germanium in unified atomic mass units from CFOUR_OLD.", "rel_unc": null, "unc": null, "unit": "u", "value": 73.9211774}
{"date": "2017-02-15", "is_exact": false, "name": "As u", "note": "Mass of arsenic in unified atomic mass units from CFOUR_OLD.", "rel_unc": null, "unc": null, "unit": "u", "value": 74.9215942}
{"date": "2017-02-15", "is_exact": false, "name": "Se u", "note": "Mass of selenium in unified atomic mass units from CFOUR_OLD.", "rel_unc": null, "unc": null, "unit": "u", "value": 79.9165196}
{"date": "2017-02-15", "is_exact": false, "name": "Br u", "note": "Mass of bromine in unified atomic mass units from CFOUR_OLD.", "rel_unc": null, "unc": null, "unit": "u", "value": 78.9183361}
{"date": "2017-02-15", "is_exact": false, "name": "Kr u", "note": "Mass of krypton in unified atomic mass units from CFOUR_OLD.", "rel_unc": null, "unc": null, "unit": "u", "value": 83.911507}
{"date": "2017-02-15", "is_exact": false, "name": "Rb u", "note": "Mass of rubidium in unified atomic mass units from CFOUR_OLD.", "rel_unc": null, "unc": null, "unit": "u", "value": 84.911794}
{"date": "2017-02-15", "is_exact": false, "name": "Sr u", "note": "Mass of strontium in unified atomic mass units from CFOUR_OLD.", "rel_unc": null, "unc": null, "unit": "u", "value": 87.9056188}
{"date": "2017-02-15", "is_exact": false, "name": "Y u", "note": "Mass of yttrium in unified atomic mass units from CFOUR_OLD.", "rel_unc": null, "unc": null, "unit": "u", "value": 88.905849}
{"date": "2017-02-15", "is_exact": false, "name": "Zr u", "note": "Mass of zirconium in unified atomic mass units from CFOUR_OLD.", "rel_unc": null, "unc": null, "unit": "u", "value": 89.9047026}
{"date": "2017-02-15", "is_exact": false, "name": "Nb u", "note": "Mass of niobium in unified atomic mass units from CFOUR_OLD.", "rel_unc": null, "unc": null, "unit": "u", "value": 92.9063772}
{"date": "2017-02-15", "is_exact": false, "name": "Mo u", "note": "Mass of molybdenum in unified atomic mass units from CFOUR_OLD.", "rel_unc": null, "unc": null, "unit": "u", "value": 97.9054073}
{"date": "2017-02-15", "is_exact": false, "name": "Tc u", "note": "Mass of technetium in unified atomic mass units from CFOUR_OLD.", "rel_unc": null, "unc": null, "unit": "u", "value": 97.907215}
{"date": "2017-02-15", "is_exact": false, "name": "Ru u", "note": "Mass of ruthenium in unified atomic mass units from CFOUR_OLD.", "rel_unc": null, "unc": null, "unit": "u", "value": 101.9043485}
{"date": "2017-02-15", "is_exact": false, "name": "Rh u", "note": "Mass of rhodium in unified atomic mass units from CFOUR_OLD.", "rel_unc": null, "unc": null, "unit": "u", "value": 102.9055}
{"date": "2017-02-15", "is_exact": false, "name": "Pd u", "note": "Mass of palladium in unified atomic mass units from CFOUR_OLD.", "rel_unc": null, "unc": null, "unit": "u", "value": 105.903478}
{"date": "2017-02-15", "is_exact": false, "name": "Ag u", "note": "Mass of silver in unified atomic mass units from CFOUR_OLD.", "rel_unc": null, "unc": null, "unit": "u", "value": 106.905092}
{"date": "2017-02-15", "is_exact": false, "name": "Cd u", "note": "Mass of cadmium in unified atomic mass units from CFOUR_OLD.", "rel_unc": null, "unc": null, "unit": "u", "value": 113.903357}
{"date": "2017-02-15", "is_exact": false, "name": "In u", "note": "Mass of indium in unified atomic mass units from CFOUR_OLD.", "rel_unc": null, "unc": null, "unit": "u", "value": 114.903882}
{"date": "2017-02-15", "is_exact": false, "name": "Sn u", "note": "Mass of tin in unified atomic mass units from CFOUR_OLD.", "rel_unc": null, "unc": null, "unit": "u", "value": 119.9021991}
{"date": "2017-02-15", "is_exact": false, "name": "Sb u", "note": "Mass of antimony in unified atomic mass units from CFOUR_OLD.", "rel_unc": null, "unc": null, "unit": "u", "value": 120.9038212}
{"date": "2017-02-15", "is_exact": false, "name": "Te u", "note": "Mass of tellurium in unified atomic mass units from CFOUR_OLD.", "rel_unc": null, "unc": null, "unit": "u", "value": 129.906229}
{"date": "2017-02-15", "is_exact": false, "name": "I u", "note": "Mass of iodine in unified atomic mass units from CFOUR_OLD.", "rel_unc": null, "unc": null, "unit": "u", "value": 126.904473}
{"date": "2017-02-15", "is_exact": false, "name": "Xe u", "note": "Mass of xenon in unified atomic mass units from CFOUR_OLD.", "rel_unc": null, "unc": null, "unit": "u", "value": 131.904144}
{"date": "2017-02-15", "is_exact": false, "name": "Cs u", "note": "Mass of cesium in unified atomic mass units from CFOUR_OLD.", "rel_unc": null, "unc": null, "unit": "u", "value": 132.905429}
{"date": "2017-02-15", "is_exact": false, "name": "Ba u", "note": "Mass of barium in unified atomic mass units from CFOUR_OLD.", "rel_unc": null, "unc": null, "unit": "u", "value": 137.905232}
{"date": "2017-02-15", "is_exact": false, "name": "La u", "note": "Mass of lanthanum in unified atomic mass units from CFOUR_OLD.", "rel_unc": null, "unc": null, "unit": "u", "value": 138.906347}
{"date": "2017-02-15", "is_exact": false, "name": "Ce u", "note": "Mass of cerium in unified atomic mass units from CFOUR_OLD.", "rel_unc": null, "unc": null, "unit": "u", "value": 139.905433}
{"date": "2017-02-15", "is_exact": false, "name": "Pr u", "note": "Mass of praseodymium in unified atomic mass units from CFOUR_OLD.", "rel_unc": null, "unc": null, "unit": "u", "value": 140.907647}
{"date": "2017-02-15", "is_exact": false, "name": "Nd u", "note": "Mass of neodymium in unified atomic mass units from CFOUR_OLD.", "rel_unc": null, "unc": null, "unit": "u", "value": 141.907719}
{"date": "2017-02-15", "is_exact": false, "name": "Pm u", "note": "Mass of promethium in unified atomic mass units from CFOUR_OLD.", "rel_unc": null, "unc": null, "unit": "u", "value": 144.912743}
{"date": "2017-02-15", "is_exact": false, "name": "Sm u", "note": "Mass of samarium in unified atomic mass units from CFOUR_OLD.", "rel_unc": null, "unc": null, "unit": "u", "value": 151.919728}
{"date": "2017-02-15", "is_exact": false, "name": "Eu u", "note": "Mass of europium in unified atomic mass units from CFOUR_OLD.", "rel_unc": null, "unc": null, "unit": "u", "value": 152.921225}
{"date": "2017-02-15", "is_exact": false, "name": "Gd u", "note": "Mass of gadolinium in unified atomic mass units from CFOUR_OLD.", "rel_unc": null, "unc": null, "unit": "u", "value": 157.924019}
{"date": "2017-02-15", "is_exact": false, "name": "Tb u", "note": "Mass of terbium in unified atomic mass units from CFOUR_OLD.", "rel_unc": null, "unc": null, "unit": "u", "value": 158.925342}
{"date": "2017-02-15", "is_exact": false, "name": "Dy u", "note": "Mass of dysprosium in unified atomic mass units from CFOUR_OLD.", "rel_unc": null, "unc": null, "unit": "u", "value": 163.929171}
{"date": "2017-02-15", "is_exact": false, "name": "Ho u", "note": "Mass of holmium in unified atomic mass units from CFOUR_OLD.", "rel_unc": null, "unc": null, "unit": "u", "value": 164.930319}
{"date": "2017-02-15", "is_exact": false, "name": "Er u", "note": "Mass of erbium in unified atomic mass units from CFOUR_OLD.", "rel_unc": null, "unc": null, "unit": "u", "value": 165.93029}
{"date": "2017-02-15", "is_exact": false, "name": "Tm u", "note": "Mass of thulium in unified atomic mass units from CFOUR_OLD.", "rel_unc": null, "unc": null, "unit": "u", "value": 168.934212}
{"date": "2017-02-15", "is_exact": false, "name": "Yb u", "note": "Mass of ytterbium in unified atomic mass units from CFOUR_OLD.", "rel_unc": null, "unc": null, "unit": "u", "value": 173.938859}
{"date": "2017-02-15", "is_exact": false, "name": "Lu u", "note": "Mass of lutetium in unified atomic mass units from CFOUR_OLD.", "rel_unc": null, "unc": null, "unit": "u", "value": 174.94077}
{"date": "2017-02-15", "is_exact": false, "name": "Hf u", "note": "Mass of hafnium in unified atomic mass units from CFOUR_OLD.", "rel_unc": null, "unc": null, "unit": "u", "value": 179.9465457}
{"date": "2017-02-15", "is_exact": false, "name": "Ta u", "note": "Mass of tantalum in unified atomic mass units from CFOUR_OLD.", "rel_unc": null, "unc": null, "unit": "u", "value": 180.947462}
{"date": "2017-02-15", "is_exact": false, "name": "W u", "note": "Mass of tungsten in unified atomic mass units from CFOUR_OLD.", "rel_unc": null, "unc": null, "unit": "u", "value": 183.950928}
{"date": "2017-02-15", "is_exact": false, "name": "Re u", "note": "Mass of rhenium in unified atomic mass units from CFOUR_OLD.", "rel_unc": null, "unc": null, "unit": "u", "value": 186.955744}
{"date": "2017-02-15", "is_exact": false, "name": "Os u", "note": "Mass of osmium in unified atomic mass units from CFOUR_OLD.", "rel_unc": null, "unc": null, "unit": "u", "value": 191.961467}
{"date": "2017-02-15", "is_exact": false, "name": "Ir u", "note": "Mass of iridium in unified atomic mass units from CFOUR_OLD.", "rel_unc": null, "unc": null, "unit": "u", "value": 192.962917}
{"date": "2017-02-15", "is_exact": false, "name": "Pt u", "note": "Mass of platinum in unified atomic mass units from CFOUR_OLD.", "rel_unc": null, "unc": null, "unit": "u", "value": 194.964766}
{"date": "2017-02-15", "is_exact": false, "name": "Au u", "note": "Mass of gold in unified atomic mass units from CFOUR_OLD.", "rel_unc": null, "unc": null, "unit": "u", "value": 196.966543}
{"date": "2017-02-15", "is_exact": false, "name": "Hg u", "note": "Mass of mercury in unified atomic mass units from CFOUR_OLD.", "rel_unc": null, "unc": null, "unit": "u", "value": 201.970617}
{"date": "2017-02-15", "is_exact": false, "name": "Tl u", "note": "Mass of thallium in unified atomic mass units from CFOUR_OLD.", "rel_unc": null, "unc": null, "unit": "u", "value": 204.974401}
{"date": "2017-02-15", "is_exact": false, "name": "Pb u", "note": "Mass of lead in unified atomic mass units from CFOUR_OLD.", "rel_unc": null, "unc": null, "unit": "u", "value": 207.976627}
{"date": "2017-02-15", "is_exact": false, "name": "Bi u", "note": "Mass of bismuth in unified atomic mass units from CFOUR_OLD.", "rel_unc": null, "unc": null, "unit": "u", "value": 208.980374}
{"date": "2017-02-15", "is_exact": false, "name": "Po u", "note": "Mass of polonium in unified atomic mass units from CFOUR_OLD.", "rel_unc": null, "unc": null, "unit": "u", "value": 208.982404}
{"date": "2017-02-15", "is_exact": false, "name": "At u", "note": "Mass of astatine in unified atomic mass units from CFOUR_OLD.", "rel_unc": null, "unc": null, "unit": "u", "value": 209.987126}
{"date": "2017-02-15", "is_exact": false, "name": "Rn u", "note": "Mass of radon in unified atomic mass units from CFOUR_OLD.", "rel_unc": null, "unc": null, "unit": "u", "value": 222.017571}
{"date": "2017-02-15", "is_exact": false, "name": "Fr u", "note": "Mass of Francium in unified atomic mass units from CFOUR_OLD.", "rel_unc": null, "unc": null, "unit": "u", "value": 223.019736}
{"date": "2017-02-15", "is_exact": false, "name": "Ra u", "note": "Mass of Radium in unified atomic mass units from CFOUR_OLD.", "rel_unc": null, "unc": null, "unit": "u", "value": 226.02541}
{"date": "2017-02-15", "is_exact": false, "name": "Ac u", "note": "Mass of Actinium in unified atomic mass units from CFOUR_OLD.", "rel_unc": null, "unc": null, "unit": "u", "value": 227.027752}
{"date": "2017-02-15", "is_exact": false, "name": "Th u", "note": "Mass of Thorium in unified atomic mass units from CFOUR_OLD.", "rel_unc": null, "unc": null, "unit": "u", "value": 232.038055}
{"date": "2017-02-15", "is_exact": false, "name": "Pa u", "note": "Mass of Protactinium in unified atomic mass units from CFOUR_OLD.", "rel_unc": null, "unc": null, "unit": "u", "value": 231.035884}
{"date": "2017-02-15", "is_exact": false, "name": "U u", "note": "Mass of Uranium in unified atomic mass units from CFOUR_OLD.", "rel_unc": null, "unc": null, "unit": "u", "value": 238.050788}
{"date": "2017-02-15", "is_exact": false, "name": "Np u", "note": "Mass of Neptunium in unified atomic mass units from CFOUR_OLD.", "rel_unc": null, "unc": null, "unit": "u", "value": 237.048173}
{"date": "2017-02-15", "is_exact": false, "name": "Pu u", "note": "Mass of Plutonium in unified atomic mass units from CFOUR_OLD.", "rel_unc": null, "unc": null, "unit": "u", "value": 244.064204}
{"date": "2017-02-15", "is_exact": false, "name": "Am u", "note": "Mass of Americium in unified atomic mass units from CFOUR_OLD.", "rel_unc": null, "unc": null, "unit": "u", "value": 243.061381}
{"date": "2017-02-15", "is_exact": false, "name": "Cm u", "note": "Mass of Curium in unified atomic mass units from CFOUR_OLD.", "rel_unc": null, "unc": null, "unit": "u", "value": 247.070354}
{"date": "2017-02-15", "is_exact": false, "name": "Bk u", "note": "Mass of Berkelium in unified atomic mass units from CFOUR_OLD.", "rel_unc": null, "unc": null, "unit": "u", "value": 247.074987}
{"date": "2017-02-15", "is_exact": false, "name": "Cf u", "note": "Mass of Californium in unified atomic mass units from CFOUR_OLD.", "rel_unc": null, "unc": null, "unit": "u", "value": 251.079587}
{"date": "2017-02-15", "is_exact": false, "name": "Es u", "note": "Mass of Einsteinium in unified atomic mass units from CFOUR_OLD.", "rel_unc": null, "unc": null, "unit": "u", "value": 252.08298}
{"date": "2017-02-15", "is_exact": false, "name": "Fm u", "note": "Mass of Fermium in unified atomic mass units from CFOUR_OLD.", "rel_unc": null, "unc": null, "unit": "u", "value": 257.095105}
{"date": "2017-02-15", "is_exact": false, "name": "Md u", "note": "Mass of Mendelevium in unified atomic mass units from CFOUR_OLD.", "rel_unc": null, "unc": null, "unit": "u", "value": 258.098431}
{"date": "2017-02-15", "is_exact": false, "name": "No u", "note": "Mass of Nobelium in unified atomic mass units from CFOUR_OLD.", "rel_unc": null, "unc": null, "unit": "u", "value": 259.10103}
{"date": "2017-02-15", "is_exact": false, "name": "Lr u", "note": "Mass of Lawrencium in unified atomic mass units from CFOUR_OLD.", "rel_unc": null, "unc": null, "unit": "u", "value": 262.10963}
{"date": "2017-02-15", "is_exact": false, "name": "Rf u", "note": "Mass of Rutherfordium in unified atomic mass units from CFOUR_OLD.", "rel_unc": null, "unc": null, "unit": "u", "value": 265.1167}
{"date": "2017-02-15", "is_exact": false, "name": "Db u", "note": "Mass of Dubnium in unified atomic mass units from CFOUR_OLD.", "rel_unc": null, "unc": null, "unit": "u", "value": 268.12545}
{"date": "2017-02-15", "is_exact": false, "name": "Sg u", "note": "Mass of Seaborgium in unified atomic mass units from CFOUR_OLD.", "rel_unc": null, "unc": null, "unit": "u", "value": 271.13347}
{"date": "2017-02-15", "is_exact": false, "name": "Bh u", "note": "Mass of Bohrium in unified atomic mass units from CFOUR_OLD.", "rel_unc": null, "unc": null, "unit": "u", "value": 272.13803}
{"date": "2017-02-15", "is_exact": false, "name": "Hs u", "note": "Mass of Hassium in unified atomic mass units from CFOUR_OLD.", "rel_unc": null, "unc": null, "unit": "u", "value": 270.13465}
{"date": "2017-02-15", "is_exact": false, "name": "Mt u", "note": "Mass of Meitnerium in unified atomic mass units from CFOUR_OLD.", "rel_unc": null, "unc": null, "unit": "u", "value": 276.15116}
{"date": "2017-02-15", "is_exact": false, "name": "Ds u", "note": "Mass of Darmstadtium in unified atomic mass units from CFOUR_OLD.", "rel_unc": null, "unc": null, "unit": "u", "value": 281.16206}
{"date": "2017-02-15", "is_exact": false, "name": "Rg u", "note": "Mass of Roentgenium in unified atomic mass units from CFOUR_OLD.", "rel_unc": null, "unc": null, "unit": "u", "value": 280.16447}
{"date": "2017-02-15", "is_exact": false, "name": "Eh to eV", "note": "Conversion from Eh to eV in SI, from CFOUR_OLD, equation 1 Eh = x * eV, x = { 2 Rhc / e}", "rel_unc": 4e-08, "unc": 1.1e-06, "unit": "", "value": 27.2113834}
{"date": "2017-02-15", "is_exact": false, "name": "Eh to J", "note": "Conversion from Eh to J in SI, from CFOUR_OLD, equation 1 Eh = x * J, x = {2 Rhc}", "rel_unc": 7.8e-08, "unc": 3.4e-25, "unit": "", "value": 4.35974381e-18}
{"date": "2017-02-15", "is_exact": false, "name": "Eh to cm-1", "note": "Conversion from Eh to cm-1 (wavenumbers) in SI, from CFOUR_OLD, equation (1 Eh)/hc = x * cm-1, x = {2R}", "rel_unc": 7.7e-12, "unc": 1.7e-06, "unit": "", "value": 219474.631371}
{"date": "2017-02-15", "is_exact": false, "name": "cm-1 to kcal/mol", "note": "Conversion from cm-1 (wavefunumbers) to kcal/mol in SI, from CFOUR_OLD, equation 1 cm-1 = x * kcal mol-1", "rel_unc": null, "unc": null, "unit": "", "value": 0.00285914}
{"date": "2017-02-15", "is_exact": false, "name": "cm-1 to kJ/mol", "note": "Conversion from cm-1 (wavenumbers) to kJ/mol  in SI, from CFOUR_OLD, equation 1 cm-1 = x * kJ mol-1", "rel_unc": null, "unc": null, "unit": "", "value": 0.01196266}
{"date": "2017-02-15", "is_exact": false, "name": "D to C m", "note": "Conversion from D (Debye) to C m in SI, from CFOUR_OLD, equation 1 D = x * C m", "rel_unc": null, "unc": null, "unit": "", "value": 3.33564e-30}
