{"date": "2024-08-30", "is_exact": true, "name": "hbar (J s)", "note": "Reduced Planck constant ($hbar$) in SI units from CODATA2022. Defined quantity.", "rel_unc": null, "unc": null, "unit": "J s", "value": 1.054571817e-34}
{"date": "2024-08-30", "is_exact": true, "name": "c (m s-1)", "note": "Speed of light in vacuum ($c$) in SI units from CODATA2022. Defined quantity.", "rel_unc": null, "unc": null, "unit": "m s-1", "value": 299792458}
{"date": "2024-08-30", "is_exact": true, "name": "e (C)", "note": "Elementary charge ($e$) in SI units from CODATA2022. Defined quantity.", "rel_unc": null, "unc": null, "unit": "C", "value": 1.602176634e-19}
{"date": "2024-08-30", "is_exact": true, "name": "NA (mol-1)", "note": "Avogadro constant ($N_{\\rm A}$) from CODATA2022. Defined quantity.", "rel_unc": null, "unc": null, "unit": "mol-1", "value": 6.02214076e+23}
{"date": "2024-08-30", "is_exact": true, "name": "kB (J K-1)", "note": "Boltzmann constant ($k$) in J K-1 from CODATA2022. Defined quantity.", "rel_unc": null, "unc": null, "unit": "J K-1", "value": 1.380649e-23}
{"date": "2024-08-30", "is_exact": true, "name": "kB/hc (m-1 K-1)", "note": "Boltzmann constant ($k/hc$) in m-1 K-1 from CODATA2022. Defined quantity.", "rel_unc": null, "unc": null, "unit": "m-1 K-1", "value": 69.50348004}
{"date": "2024-08-30", "is_exact": true, "name": "R (J mol-1 K-1)", "note": "Molar gas constant ($R$) from CODATA2022. Defined quantity.", "rel_unc": null, "unc": null, "unit": "J mol-1 K-1", "value": 8.314462618}
{"date": "2024-08-30", "is_exact": false, "name": "a0 (m)", "note": "Bohr Radius / Atomic unit of length ($a_0$) in SI units from CODATA2022.", "rel_unc": 1.6e-10, "unc": 8.2e-21, "unit": "m", "value": 5.29177210544e-11}
{"date": "2024-08-30", "is_exact": false, "name": "ge-", "note": "Electron g factor ($g_{{\\rm e}^-}$) in SI units from CODATA2022.", "rel_unc": 1.8e-13, "unc": 3.6e-13, "unit": "", "value": -2.00231930436092}
{"date": "2024-08-30", "is_exact": false, "name": "me (kg)", "note": "Electron mass ($m_{\\rm e}$) in kg in SI units from CODATA2022.", "rel_unc": 3.1e-10, "unc": 2.8e-40, "unit": "kg", "value": 9.1093837139e-31}
{"date": "2024-08-30", "is_exact": false, "name": "mp (kg)", "note": "Proton mass ($m_{\\rm p}$) in kg in SI units from CODATA2022.", "rel_unc": 3.1e-10, "unc": 5.2e-37, "unit": "kg", "value": 1.67262192595e-27}
{"date": "2024-08-30", "is_exact": false, "name": "mn (kg)", "note": "Neutron mass ($m_{\\rm n}$) in kg in SI units from CODATA2022.", "rel_unc": 5.1e-10, "unc": 8.5e-37, "unit": "kg", "value": 1.67492750056e-27}
{"date": "2024-08-30", "is_exact": false, "name": "mp/me", "note": "Proton/Electron mass ratio ($m_{\\rm p}/m_{\\rm e}$) from CODATA2022.", "rel_unc": 1.7e-11, "unc": 3.2e-08, "unit": "", "value": 1836.152673426}
{"date": "2024-08-30", "is_exact": false, "name": "Eh (J)", "note": "Hartree Energy ($E_{\\rm h}$) in J in SI units from CODATA2022.", "rel_unc": 1.1e-12, "unc": 4.8e-30, "unit": "J", "value": 4.359744722206e-18}
{"date": "2024-08-30", "is_exact": false, "name": "Rinf", "note": "Rydberg Constant ($R_\\infty$) from CODATA2022.", "rel_unc": 1.1e-12, "unc": 1.2e-05, "unit": "m-1", "value": 10973731.568157}
{"date": "2024-08-30", "is_exact": false, "name": "mu (kg)", "note": "Atomic mass constant ($m_{\\rm u}$) from CODATA2022.", "rel_unc": 3.1e-10, "unc": 5.2e-37, "unit": "kg", "value": 1.66053906892e-27}
{"date": "2024-08-30", "is_exact": false, "name": "Eh to J", "note": "Conversion from Eh ($E_{\\rm h}$) to J ($J$) from CODATA2022. 1 Eh = x J, x = {2 Rinf h c}.", "rel_unc": 1.1e-12, "unc": 4.8e-30, "unit": "", "value": 4.359744722206e-18}
{"date": "2024-08-30", "is_exact": false, "name": "Eh to cm-1", "note": "Conversion from Eh ($E_{\\rm h}$) to wavenumbers ($cm^{-1}$) from CODATA2022. (1 Eh)/hc = x m-1, x = {2 Rinf}.", "rel_unc": 1.1e-12, "unc": 2.4e-07, "unit": "", "value": 219474.63136314}
{"date": "2024-08-30", "is_exact": false, "name": "Eh to eV", "note": "Conversion from Eh ($E_{\\rm h}$) to eV ($eV$) from CODATA2022. 1 Eh = x eV, x = {2 Rinf h c / e}.", "rel_unc": 1.1e-12, "unc": 3e-11, "unit": "", "value": 27.211386245981}
{"date": "2024-08-30", "is_exact": true, "name": "J to cal", "note": "Conversion from J ($J$) to cal ($cal$). Formal defintion.", "rel_unc": null, "unc": null, "unit": "", "value": 4.184}
{"date": "2024-08-30", "is_exact": false, "name": "Eh to kJ mol-1", "note": "Conversion from Eh ($E_{\\rm h}$) to kJ/mol ($kJ mol-1$) from CODATA2022. 1 Eh = x kJ mol-1, x = {2 Rinf h c NA / 1e3}.", "rel_unc": 1.1e-12, "unc": 2.8906275647999995e-09, "unit": "", "value": 2625.499639479163}
