{"set_date": "2024-080-30", "set_name": "CODATA-2022", "set_note": "Recommended data accumulated from CODATA 2022. Does not include atomic masses. See https://physics.nist.gov/cuu/pdf/wall_2022.pdf for a brief description, and https://pml.nist.gov/cuu/Constants/ for more details. CODATA 2022 citation: @misc{mohr2024codatarecommendedvaluesfundamental,title={CODATA Recommended Values of the Fundamental Physical Constants: 2022}, author={Peter Mohr and David Newell and Barry Taylor and Eite Tiesinga},year={2024},eprint={2409.03787},archivePrefix={arXiv},primaryClass={hep-ph},url={https://arxiv.org/abs/2409.03787}, }"}
{"set_date": "2025-03-31", "set_name": "CFOUR_OLD", "set_note": "CFOUR_OLD constants set used when CONSTANTS=OLD is specified. Values may be found at https://cfour.uni-mainz.de/cfour/index.php?n=Main.ListOfUsedPhysicalConstants, and are otherwise taken from either (QUANTITIES, UNITS, AND SYMBOLS IN PHYSICAL CHEMISTRY, I. Mills et al. Blackwell Science, Oxford, 1993, 2nd Ed.) or (https://physics.nist.gov/cuu/Constants/)"}
